,name,mon,temp
1,Heloniopsis koreana,3,31
2,Heloniopsis koreana,4,89
3,Heloniopsis koreana,4,97
4,Heloniopsis koreana,4,97
5,Heloniopsis koreana,4,112
6,Heloniopsis koreana,4,97
7,Heloniopsis koreana,5,100
8,Heloniopsis koreana,5,105
9,Heloniopsis koreana,5,165
10,Heloniopsis koreana,5,169
11,Heloniopsis koreana,5,108
12,Heloniopsis koreana,5,114
13,Heloniopsis koreana,5,155
14,Heloniopsis koreana,5,130
15,Heloniopsis koreana,4,117
16,Heloniopsis koreana,4,75
17,Heloniopsis koreana,4,100
18,Heloniopsis koreana,5,173
19,Heloniopsis koreana,4,106
20,Heloniopsis koreana,4,100
21,Heloniopsis koreana,4,116
22,Heloniopsis koreana,4,116
23,Heloniopsis koreana,5,173
24,Heloniopsis koreana,5,173
25,Heloniopsis koreana,5,101
26,Heloniopsis koreana,5,152
27,Heloniopsis koreana,5,158
28,Heloniopsis koreana,5,152
29,Heloniopsis koreana,5,152
30,Heloniopsis koreana,5,152
31,Heloniopsis koreana,5,152
32,Heloniopsis koreana,5,146
33,Heloniopsis orientalis var. breviscapa,4,103
34,Heloniopsis orientalis var. breviscapa,5,137
35,Heloniopsis orientalis var. breviscapa,5,165
36,Heloniopsis orientalis var. breviscapa,6,183
37,Heloniopsis orientalis var. breviscapa,6,183
38,Heloniopsis orientalis var. breviscapa,3,93
39,Heloniopsis orientalis var. breviscapa,3,105
40,Heloniopsis orientalis var. breviscapa,4,122
41,Heloniopsis orientalis var. breviscapa,5,155
42,Heloniopsis orientalis var. breviscapa,5,161
43,Heloniopsis orientalis var. breviscapa,4,103
44,Heloniopsis orientalis var. breviscapa,5,137
45,Heloniopsis orientalis var. breviscapa,3,81
46,Heloniopsis orientalis var. breviscapa,5,165
47,Heloniopsis orientalis var. breviscapa,6,183
48,Heloniopsis orientalis var. breviscapa,6,183
49,Heloniopsis orientalis var. breviscapa,9,203
50,Heloniopsis orientalis var. breviscapa,3,93
51,Heloniopsis orientalis var. breviscapa,3,105
52,Heloniopsis orientalis var. breviscapa,4,169
53,Heloniopsis orientalis var. breviscapa,4,122
54,Heloniopsis orientalis var. breviscapa,6,196
55,Heloniopsis orientalis var. breviscapa,3,85
56,Heloniopsis orientalis var. breviscapa,4,138
57,Heloniopsis orientalis var. breviscapa,4,150
58,Heloniopsis orientalis var. breviscapa,4,138
59,Heloniopsis orientalis var. breviscapa,5,155
60,Heloniopsis orientalis var. breviscapa,7,264
61,Heloniopsis orientalis var. breviscapa,4,152
62,Heloniopsis orientalis var. breviscapa,3,98
63,Heloniopsis orientalis var. breviscapa,5,179
64,Heloniopsis orientalis var. breviscapa,5,179
65,Heloniopsis orientalis var. breviscapa,5,184
66,Heloniopsis orientalis var. breviscapa,3,80
67,Heloniopsis orientalis var. breviscapa,3,104
68,Heloniopsis orientalis var. breviscapa,4,149
69,Heloniopsis orientalis var. breviscapa,5,161
70,Heloniopsis orientalis var. breviscapa,3,91
71,Heloniopsis orientalis var. breviscapa,3,84
72,Heloniopsis orientalis var. breviscapa,3,107
73,Heloniopsis orientalis var. breviscapa,3,87
74,Heloniopsis orientalis var. breviscapa,4,146
75,Heloniopsis orientalis var. breviscapa,4,151
76,Heloniopsis orientalis var. breviscapa,4,140
77,Heloniopsis orientalis var. breviscapa,3,99
78,Heloniopsis orientalis var. breviscapa,5,159
79,Heloniopsis orientalis var. breviscapa,5,159
80,Heloniopsis orientalis var. breviscapa,3,87
81,Heloniopsis orientalis var. breviscapa,3,87
82,Heloniopsis orientalis var. breviscapa,3,87
83,Heloniopsis orientalis var. breviscapa,4,132
84,Heloniopsis orientalis var. breviscapa,4,132
85,Heloniopsis orientalis var. breviscapa,8,213
86,Heloniopsis orientalis var. breviscapa,3,84
87,Heloniopsis orientalis var. breviscapa,5,167
88,Heloniopsis orientalis var. breviscapa,5,167
89,Heloniopsis orientalis var. breviscapa,5,172
90,Heloniopsis orientalis var. breviscapa,4,132
91,Heloniopsis orientalis var. breviscapa,4,127
92,Heloniopsis orientalis var. breviscapa,4,127
93,Heloniopsis orientalis var. breviscapa,4,132
94,Heloniopsis orientalis var. breviscapa,4,132
95,Heloniopsis orientalis var. breviscapa,4,135
96,Heloniopsis orientalis var. breviscapa,6,149
97,Heloniopsis orientalis var. breviscapa,3,86
98,Heloniopsis orientalis var. breviscapa,4,135
99,Heloniopsis orientalis var. breviscapa,4,141
100,Heloniopsis orientalis var. breviscapa,4,164
101,Heloniopsis orientalis var. breviscapa,4,164
102,Heloniopsis orientalis var. breviscapa,4,172
103,Heloniopsis orientalis var. breviscapa,4,172
104,Heloniopsis orientalis var. breviscapa,5,188
105,Heloniopsis orientalis var. breviscapa,3,75
106,Heloniopsis orientalis var. breviscapa,4,141
107,Heloniopsis orientalis var. breviscapa,5,172
108,Heloniopsis orientalis var. breviscapa,4,132
109,Heloniopsis orientalis var. breviscapa,4,132
110,Heloniopsis orientalis var. breviscapa,4,132
111,Heloniopsis orientalis var. breviscapa,5,172
112,Heloniopsis orientalis var. breviscapa,5,172
113,Heloniopsis orientalis var. breviscapa,5,172
114,Heloniopsis orientalis var. breviscapa,4,141
115,Heloniopsis orientalis var. breviscapa,6,171
116,Heloniopsis orientalis var. breviscapa,4,104
117,Heloniopsis orientalis var. breviscapa,4,132
118,Heloniopsis orientalis var. flavida,4,110
119,Heloniopsis orientalis var. flavida,3,87
120,Heloniopsis orientalis var. flavida,12,41
121,Heloniopsis orientalis var. flavida,4,121
122,Heloniopsis orientalis var. flavida,4,131
123,Heloniopsis orientalis var. flavida,5,130
124,Heloniopsis orientalis var. flavida,3,76
125,Heloniopsis orientalis var. flavida,3,75
126,Heloniopsis orientalis var. flavida,4,123
127,Heloniopsis orientalis var. flavida,4,122
128,Heloniopsis orientalis var. flavida,4,123
129,Heloniopsis orientalis var. flavida,3,80
130,Heloniopsis orientalis var. flavida,3,73
131,Heloniopsis orientalis var. flavida,4,132
132,Heloniopsis orientalis var. flavida,4,116
133,Heloniopsis orientalis var. flavida,4,128
134,Heloniopsis orientalis var. flavida,4,137
135,Heloniopsis orientalis var. flavida,4,136
136,Heloniopsis orientalis var. flavida,4,116
137,Heloniopsis orientalis var. flavida,10,118
138,Heloniopsis orientalis var. flavida,3,89
139,Heloniopsis orientalis var. flavida,3,85
140,Heloniopsis orientalis var. flavida,3,74
141,Heloniopsis orientalis var. flavida,4,147
142,Heloniopsis orientalis var. flavida,5,155
143,Heloniopsis orientalis var. flavida,4,103
144,Heloniopsis orientalis var. flavida,4,91
145,Heloniopsis orientalis var. flavida,5,179
146,Heloniopsis orientalis var. flavida,3,86
147,Heloniopsis orientalis var. flavida,4,134
148,Heloniopsis orientalis var. flavida,10,153
149,Heloniopsis orientalis var. flavida,4,103
150,Heloniopsis orientalis var. flavida,4,103
151,Heloniopsis orientalis var. flavida,5,137
152,Heloniopsis orientalis var. flavida,6,232
153,Heloniopsis orientalis var. flavida,6,181
154,Heloniopsis orientalis var. flavida,6,196
155,Heloniopsis orientalis var. flavida,4,125
156,Heloniopsis orientalis var. flavida,4,148
157,Heloniopsis orientalis var. flavida,4,104
158,Heloniopsis orientalis var. flavida,5,170
159,Heloniopsis orientalis var. flavida,3,82
160,Heloniopsis orientalis var. flavida,4,147
161,Heloniopsis orientalis var. flavida,4,148
162,Heloniopsis orientalis var. flavida,4,125
163,Heloniopsis orientalis var. flavida,4,112
164,Heloniopsis orientalis var. flavida,4,138
165,Heloniopsis orientalis var. flavida,5,178
166,Heloniopsis orientalis var. flavida,5,167
167,Heloniopsis orientalis var. flavida,5,153
168,Heloniopsis orientalis var. flavida,5,184
169,Heloniopsis orientalis var. flavida,5,192
170,Heloniopsis orientalis var. flavida,6,195
171,Heloniopsis orientalis var. flavida,6,194
172,Heloniopsis orientalis var. flavida,3,75
173,Heloniopsis orientalis var. flavida,4,148
174,Heloniopsis orientalis var. flavida,5,187
175,Heloniopsis orientalis var. flavida,5,151
176,Heloniopsis orientalis var. flavida,5,151
177,Heloniopsis orientalis var. flavida,5,168
178,Heloniopsis orientalis var. flavida,5,161
179,Heloniopsis orientalis var. flavida,8,220
180,Heloniopsis orientalis var. flavida,10,141
181,Heloniopsis orientalis var. flavida,3,94
182,Heloniopsis orientalis var. flavida,3,96
183,Heloniopsis orientalis var. flavida,5,164
184,Heloniopsis orientalis var. flavida,4,148
185,Heloniopsis orientalis var. flavida,4,124
186,Heloniopsis orientalis var. flavida,4,109
187,Heloniopsis orientalis var. flavida,5,182
188,Heloniopsis orientalis var. flavida,6,171
189,Heloniopsis orientalis var. flavida,4,133
190,Heloniopsis orientalis var. flavida,4,126
191,Heloniopsis orientalis var. flavida,4,126
192,Heloniopsis orientalis var. flavida,3,85
193,Heloniopsis orientalis var. flavida,4,108
194,Heloniopsis orientalis var. flavida,5,115
195,Heloniopsis orientalis var. flavida,7,208
196,Heloniopsis orientalis var. flavida,4,106
197,Heloniopsis orientalis var. flavida,4,128
198,Heloniopsis orientalis var. flavida,4,160
199,Heloniopsis orientalis var. flavida,6,152
200,Heloniopsis orientalis var. flavida,4,89
201,Heloniopsis orientalis var. flavida,7,271
202,Heloniopsis orientalis var. flavida,3,56
203,Heloniopsis orientalis var. flavida,3,113
204,Heloniopsis orientalis var. flavida,4,128
205,Heloniopsis orientalis var. flavida,4,128
206,Heloniopsis orientalis var. flavida,4,128
207,Heloniopsis orientalis var. flavida,4,77
208,Heloniopsis orientalis var. flavida,3,56
209,Heloniopsis orientalis var. flavida,4,121
210,Heloniopsis orientalis var. flavida,4,128
211,Heloniopsis orientalis var. flavida,4,123
212,Heloniopsis orientalis var. flavida,4,105
213,Heloniopsis orientalis var. flavida,4,105
214,Heloniopsis orientalis var. flavida,4,160
215,Heloniopsis orientalis var. flavida,5,120
216,Heloniopsis orientalis var. flavida,3,81
217,Heloniopsis orientalis var. flavida,8,283
218,Heloniopsis orientalis var. flavida,3,111
219,Heloniopsis orientalis var. flavida,4,138
220,Heloniopsis orientalis var. flavida,4,123
221,Heloniopsis orientalis var. flavida,5,200
222,Heloniopsis orientalis var. flavida,5,200
223,Heloniopsis orientalis var. flavida,8,283
224,Heloniopsis orientalis var. flavida,8,284
225,Heloniopsis orientalis var. flavida,4,117
226,Heloniopsis orientalis var. flavida,8,281
227,Heloniopsis orientalis var. flavida,11,151
228,Heloniopsis orientalis var. flavida,3,102
229,Heloniopsis orientalis var. flavida,3,102
230,Heloniopsis orientalis var. flavida,5,200
231,Heloniopsis orientalis var. flavida,7,244
232,Heloniopsis orientalis var. flavida,7,244
233,Heloniopsis orientalis var. flavida,3,41
234,Heloniopsis orientalis var. flavida,3,41
235,Heloniopsis orientalis var. flavida,3,88
236,Heloniopsis orientalis var. flavida,7,271
237,Heloniopsis orientalis var. flavida,5,172
238,Heloniopsis orientalis var. flavida,4,152
239,Heloniopsis orientalis var. flavida,3,102
240,Heloniopsis orientalis var. flavida,4,85
241,Heloniopsis orientalis var. flavida,4,160
242,Heloniopsis orientalis var. flavida,3,90
243,Heloniopsis orientalis var. flavida,3,98
244,Heloniopsis orientalis var. flavida,4,155
245,Heloniopsis orientalis var. flavida,4,155
246,Heloniopsis orientalis var. flavida,4,155
247,Heloniopsis orientalis var. flavida,3,102
248,Heloniopsis orientalis var. flavida,3,83
249,Heloniopsis orientalis var. flavida,4,157
250,Heloniopsis orientalis var. flavida,4,157
251,Heloniopsis orientalis var. flavida,4,150
252,Heloniopsis orientalis var. flavida,4,150
253,Heloniopsis orientalis var. flavida,4,150
254,Heloniopsis orientalis var. flavida,11,138
255,Heloniopsis orientalis var. flavida,4,135
256,Heloniopsis orientalis var. flavida,5,196
257,Heloniopsis orientalis var. flavida,10,196
258,Heloniopsis orientalis var. flavida,8,235
259,Heloniopsis orientalis var. flavida,3,56
260,Heloniopsis orientalis var. flavida,3,88
261,Heloniopsis orientalis var. flavida,5,110
262,Heloniopsis orientalis var. orientalis,5,161
263,Heloniopsis orientalis var. orientalis,4,143
264,Heloniopsis orientalis var. orientalis,4,142
265,Heloniopsis orientalis var. orientalis,7,158
266,Heloniopsis orientalis var. orientalis,7,190
267,Heloniopsis orientalis var. orientalis,2,68
268,Heloniopsis orientalis var. orientalis,2,80
269,Heloniopsis orientalis var. orientalis,4,82
270,Heloniopsis orientalis var. orientalis,5,133
271,Heloniopsis orientalis var. orientalis,5,130
272,Heloniopsis orientalis var. orientalis,6,153
273,Heloniopsis orientalis var. orientalis,4,106
274,Heloniopsis orientalis var. orientalis,4,125
275,Heloniopsis orientalis var. orientalis,4,74
276,Heloniopsis orientalis var. orientalis,4,114
277,Heloniopsis orientalis var. orientalis,4,144
278,Heloniopsis orientalis var. orientalis,4,138
279,Heloniopsis orientalis var. orientalis,4,131
280,Heloniopsis orientalis var. orientalis,5,136
281,Heloniopsis orientalis var. orientalis,6,175
282,Heloniopsis orientalis var. orientalis,4,142
283,Heloniopsis orientalis var. orientalis,5,142
284,Heloniopsis orientalis var. orientalis,4,143
285,Heloniopsis orientalis var. orientalis,5,171
286,Heloniopsis orientalis var. orientalis,5,140
287,Heloniopsis orientalis var. orientalis,6,195
288,Heloniopsis orientalis var. orientalis,5,165
289,Heloniopsis orientalis var. orientalis,6,197
290,Heloniopsis orientalis var. orientalis,4,120
291,Heloniopsis orientalis var. orientalis,5,151
292,Heloniopsis orientalis var. orientalis,5,154
293,Heloniopsis orientalis var. orientalis,6,165
294,Heloniopsis orientalis var. orientalis,4,110
295,Heloniopsis orientalis var. orientalis,4,124
296,Heloniopsis orientalis var. orientalis,4,137
297,Heloniopsis orientalis var. orientalis,5,173
298,Heloniopsis orientalis var. orientalis,5,181
299,Heloniopsis orientalis var. orientalis,5,170
300,Heloniopsis orientalis var. orientalis,5,182
301,Heloniopsis orientalis var. orientalis,6,226
302,Heloniopsis orientalis var. orientalis,4,123
303,Heloniopsis orientalis var. orientalis,4,136
304,Heloniopsis orientalis var. orientalis,4,127
305,Heloniopsis orientalis var. orientalis,4,131
306,Heloniopsis orientalis var. orientalis,4,128
307,Heloniopsis orientalis var. orientalis,5,181
308,Heloniopsis orientalis var. orientalis,4,138
309,Heloniopsis orientalis var. orientalis,5,164
310,Heloniopsis orientalis var. orientalis,5,180
311,Heloniopsis orientalis var. orientalis,5,142
312,Heloniopsis orientalis var. orientalis,6,183
313,Heloniopsis orientalis var. orientalis,7,246
314,Heloniopsis orientalis var. orientalis,4,143
315,Heloniopsis orientalis var. orientalis,4,139
316,Heloniopsis orientalis var. orientalis,5,184
317,Heloniopsis orientalis var. orientalis,5,176
318,Heloniopsis orientalis var. orientalis,5,171
319,Heloniopsis orientalis var. orientalis,5,157
320,Heloniopsis orientalis var. orientalis,6,223
321,Heloniopsis orientalis var. orientalis,6,154
322,Heloniopsis orientalis var. orientalis,2,35
323,Heloniopsis orientalis var. orientalis,4,116
324,Heloniopsis orientalis var. orientalis,6,208
325,Heloniopsis orientalis var. orientalis,5,164
326,Heloniopsis orientalis var. orientalis,6,175
327,Heloniopsis orientalis var. orientalis,4,142
328,Heloniopsis orientalis var. orientalis,4,98
329,Heloniopsis orientalis var. orientalis,4,98
330,Heloniopsis orientalis var. orientalis,4,119
331,Heloniopsis orientalis var. orientalis,6,221
332,Heloniopsis orientalis var. orientalis,4,146
333,Heloniopsis orientalis var. orientalis,4,146
334,Heloniopsis orientalis var. orientalis,4,130
335,Heloniopsis orientalis var. orientalis,6,135
336,Heloniopsis orientalis var. orientalis,7,178
337,Heloniopsis orientalis var. orientalis,5,134
338,Heloniopsis orientalis var. orientalis,5,170
339,Heloniopsis orientalis var. orientalis,5,170
340,Heloniopsis orientalis var. orientalis,5,170
341,Heloniopsis orientalis var. orientalis,6,202
342,Heloniopsis orientalis var. orientalis,5,182
343,Heloniopsis orientalis var. orientalis,5,141
344,Heloniopsis orientalis var. orientalis,3,40
345,Heloniopsis orientalis var. orientalis,6,170
346,Heloniopsis orientalis var. orientalis,5,143
347,Heloniopsis orientalis var. orientalis,5,128
348,Heloniopsis orientalis var. orientalis,5,128
349,Heloniopsis orientalis var. orientalis,6,170
350,Heloniopsis orientalis var. orientalis,8,223
351,Heloniopsis orientalis var. orientalis,3,40
352,Heloniopsis orientalis var. orientalis,3,40
353,Heloniopsis orientalis var. orientalis,4,134
354,Heloniopsis orientalis var. orientalis,7,225
355,Heloniopsis orientalis var. orientalis,5,97
356,Heloniopsis orientalis var. orientalis,5,157
357,Heloniopsis orientalis var. orientalis,5,157
358,Heloniopsis orientalis var. orientalis,5,189
359,Heloniopsis orientalis var. orientalis,8,180
360,Heloniopsis orientalis var. orientalis,8,120
361,Heloniopsis orientalis var. orientalis,5,140
362,Heloniopsis orientalis var. orientalis,8,250
363,Heloniopsis orientalis var. orientalis,6,186
364,Heloniopsis orientalis var. orientalis,1,39
365,Heloniopsis orientalis var. orientalis,5,157
366,Heloniopsis orientalis var. orientalis,7,85
367,Heloniopsis orientalis var. orientalis,5,110
368,Heloniopsis orientalis var. orientalis,6,145
369,Heloniopsis orientalis var. orientalis,7,173
370,Heloniopsis orientalis var. orientalis,8,117
371,Heloniopsis orientalis var. orientalis,7,142
372,Heloniopsis orientalis var. orientalis,7,142
373,Heloniopsis orientalis var. orientalis,7,177
374,Heloniopsis orientalis var. orientalis,7,142
375,Heloniopsis orientalis var. orientalis,4,56
376,Heloniopsis orientalis var. orientalis,5,172
377,Heloniopsis orientalis var. orientalis,7,160
378,Heloniopsis orientalis var. orientalis,7,160
379,Heloniopsis orientalis var. orientalis,8,203
380,Heloniopsis orientalis var. orientalis,4,110
381,Heloniopsis orientalis var. orientalis,4,110
382,Heloniopsis orientalis var. orientalis,7,105
383,Heloniopsis sp.,1,91
384,Heloniopsis sp.,1,79
385,Heloniopsis sp.,1,85
386,Heloniopsis sp.,1,93
387,Heloniopsis sp.,2,100
388,Heloniopsis sp.,2,86
389,Heloniopsis sp.,2,93
390,Heloniopsis sp.,2,100
391,Heloniopsis tubiflora,4,59
392,Heloniopsis tubiflora,4,108
393,Heloniopsis tubiflora,4,47
394,Heloniopsis tubiflora,5,109
395,Heloniopsis tubiflora,5,160
396,Heloniopsis tubiflora,5,97
397,Ypsilandra thibetica,3,123
398,Ypsilandra thibetica,3,121
399,Ypsilandra thibetica,3,123
400,Ypsilandra thibetica,3,123
401,Ypsilandra thibetica,3,122
402,Ypsilandra thibetica,3,122
403,Ypsilandra thibetica,3,122
404,Ypsilandra thibetica,3,137
405,Ypsilandra thibetica,3,137
406,Ypsilandra thibetica,3,137
407,Ypsilandra thibetica,3,137
408,Ypsilandra thibetica,3,122
409,Ypsilandra thibetica,3,122
410,Ypsilandra thibetica,3,122
411,Ypsilandra thibetica,3,109
412,Ypsilandra thibetica,3,108
413,Ypsilandra thibetica,3,108
414,Ypsilandra thibetica,3,126
415,Ypsilandra thibetica,3,108
416,Ypsilandra thibetica,3,108
417,Ypsilandra thibetica,3,108
418,Ypsilandra thibetica,3,108
419,Ypsilandra thibetica,3,117
420,Ypsilandra thibetica,3,117
421,Ypsilandra thibetica,3,106
422,Ypsilandra thibetica,3,122
423,Ypsilandra thibetica,3,45
424,Ypsilandra thibetica,3,110
425,Ypsilandra thibetica,3,106
426,Ypsilandra thibetica,3,122
427,Ypsilandra thibetica,3,110
428,Ypsilandra thibetica,3,106
429,Ypsilandra thibetica,3,110
430,Ypsilandra thibetica,3,125
431,Ypsilandra thibetica,3,114
432,Ypsilandra thibetica,3,114
433,Ypsilandra thibetica,3,124
434,Ypsilandra thibetica,3,100
435,Ypsilandra thibetica,3,108
436,Ypsilandra thibetica,3,108
437,Ypsilandra thibetica,3,108
438,Ypsilandra thibetica,3,108
439,Ypsilandra thibetica,3,108
440,Ypsilandra thibetica,3,117
441,Ypsilandra thibetica,3,108
442,Ypsilandra thibetica,3,108
443,Ypsilandra thibetica,3,108
444,Ypsilandra thibetica,3,126
445,Ypsilandra thibetica,3,122
446,Ypsilandra thibetica,3,147
447,Ypsilandra thibetica,3,147
448,Ypsilandra thibetica,3,122
449,Ypsilandra thibetica,3,122
450,Ypsilandra thibetica,3,147
451,Ypsilandra thibetica,3,138
452,Ypsilandra thibetica,3,124
453,Ypsilandra thibetica,3,124
454,Ypsilandra thibetica,3,124
455,Ypsilandra thibetica,3,124
456,Ypsilandra thibetica,3,124
457,Ypsilandra thibetica,3,110
458,Ypsilandra thibetica,3,67
459,Ypsilandra thibetica,3,108
460,Ypsilandra thibetica,3,108
461,Ypsilandra thibetica,3,108
462,Ypsilandra thibetica,3,108
463,Ypsilandra thibetica,3,108
464,Ypsilandra thibetica,3,-57
465,Ypsilandra thibetica,3,52
466,Ypsilandra thibetica,3,141
467,Ypsilandra thibetica,3,110
468,Ypsilandra thibetica,3,110
469,Ypsilandra thibetica,3,110
470,Ypsilandra thibetica,3,110
471,Ypsilandra thibetica,3,141
472,Ypsilandra thibetica,3,110
473,Ypsilandra thibetica,3,110
474,Ypsilandra thibetica,3,110
475,Ypsilandra thibetica,3,110
476,Ypsilandra thibetica,3,110
477,Ypsilandra thibetica,3,110
478,Ypsilandra thibetica,3,110
479,Ypsilandra thibetica,3,110
480,Ypsilandra thibetica,3,127
481,Ypsilandra thibetica,3,127
482,Ypsilandra thibetica,3,110
483,Ypsilandra thibetica,3,110
484,Ypsilandra thibetica,3,150
485,Ypsilandra thibetica,3,126
486,Ypsilandra thibetica,3,123
487,Ypsilandra thibetica,3,125
488,Ypsilandra thibetica,3,122
489,Ypsilandra thibetica,3,125
490,Ypsilandra thibetica,3,122
491,Ypsilandra thibetica,3,122
492,Ypsilandra thibetica,3,122
493,Ypsilandra thibetica,3,122
494,Ypsilandra thibetica,3,122
495,Ypsilandra thibetica,3,122
496,Ypsilandra thibetica,3,122
497,Ypsilandra thibetica,3,118
498,Ypsilandra thibetica,3,125
499,Ypsilandra thibetica,3,122
500,Ypsilandra thibetica,3,122
501,Ypsilandra thibetica,3,122
502,Ypsilandra thibetica,3,126
503,Ypsilandra thibetica,3,126
504,Ypsilandra thibetica,3,137
505,Ypsilandra thibetica,3,110
506,Ypsilandra thibetica,3,126
507,Ypsilandra thibetica,3,110
508,Ypsilandra thibetica,3,110
509,Ypsilandra thibetica,3,126
510,Ypsilandra thibetica,3,126
511,Ypsilandra thibetica,3,126
512,Ypsilandra thibetica,4,175
513,Ypsilandra thibetica,4,183
514,Ypsilandra thibetica,4,173
515,Ypsilandra thibetica,4,173
516,Ypsilandra thibetica,4,170
517,Ypsilandra thibetica,4,170
518,Ypsilandra thibetica,4,170
519,Ypsilandra thibetica,4,196
520,Ypsilandra thibetica,4,196
521,Ypsilandra thibetica,4,196
522,Ypsilandra thibetica,4,196
523,Ypsilandra thibetica,4,170
524,Ypsilandra thibetica,4,170
525,Ypsilandra thibetica,4,170
526,Ypsilandra thibetica,4,154
527,Ypsilandra thibetica,4,158
528,Ypsilandra thibetica,4,158
529,Ypsilandra thibetica,4,176
530,Ypsilandra thibetica,4,158
531,Ypsilandra thibetica,4,158
532,Ypsilandra thibetica,4,158
533,Ypsilandra thibetica,4,158
534,Ypsilandra thibetica,4,172
535,Ypsilandra thibetica,4,172
536,Ypsilandra thibetica,4,154
537,Ypsilandra thibetica,4,170
538,Ypsilandra thibetica,4,86
539,Ypsilandra thibetica,4,159
540,Ypsilandra thibetica,4,154
541,Ypsilandra thibetica,4,170
542,Ypsilandra thibetica,4,159
543,Ypsilandra thibetica,4,154
544,Ypsilandra thibetica,4,159
545,Ypsilandra thibetica,4,186
546,Ypsilandra thibetica,4,164
547,Ypsilandra thibetica,4,164
548,Ypsilandra thibetica,4,172
549,Ypsilandra thibetica,4,148
550,Ypsilandra thibetica,4,158
551,Ypsilandra thibetica,4,158
552,Ypsilandra thibetica,4,158
553,Ypsilandra thibetica,4,158
554,Ypsilandra thibetica,4,158
555,Ypsilandra thibetica,4,172
556,Ypsilandra thibetica,4,158
557,Ypsilandra thibetica,4,158
558,Ypsilandra thibetica,4,158
559,Ypsilandra thibetica,4,187
560,Ypsilandra thibetica,4,170
561,Ypsilandra thibetica,4,203
562,Ypsilandra thibetica,4,203
563,Ypsilandra thibetica,4,170
564,Ypsilandra thibetica,4,170
565,Ypsilandra thibetica,4,203
566,Ypsilandra thibetica,4,196
567,Ypsilandra thibetica,4,172
568,Ypsilandra thibetica,4,172
569,Ypsilandra thibetica,4,172
570,Ypsilandra thibetica,4,172
571,Ypsilandra thibetica,4,172
572,Ypsilandra thibetica,4,159
573,Ypsilandra thibetica,4,115
574,Ypsilandra thibetica,4,158
575,Ypsilandra thibetica,4,158
576,Ypsilandra thibetica,4,158
577,Ypsilandra thibetica,4,158
578,Ypsilandra thibetica,4,158
579,Ypsilandra thibetica,4,-16
580,Ypsilandra thibetica,4,104
581,Ypsilandra thibetica,4,201
582,Ypsilandra thibetica,4,159
583,Ypsilandra thibetica,4,159
584,Ypsilandra thibetica,4,159
585,Ypsilandra thibetica,4,159
586,Ypsilandra thibetica,4,201
587,Ypsilandra thibetica,4,159
588,Ypsilandra thibetica,4,159
589,Ypsilandra thibetica,4,159
590,Ypsilandra thibetica,4,159
591,Ypsilandra thibetica,4,159
592,Ypsilandra thibetica,4,159
593,Ypsilandra thibetica,4,159
594,Ypsilandra thibetica,4,159
595,Ypsilandra thibetica,4,178
596,Ypsilandra thibetica,4,178
597,Ypsilandra thibetica,4,159
598,Ypsilandra thibetica,4,159
599,Ypsilandra thibetica,4,205
600,Ypsilandra thibetica,4,176
601,Ypsilandra thibetica,4,171
602,Ypsilandra thibetica,4,185
603,Ypsilandra thibetica,4,170
604,Ypsilandra thibetica,4,185
605,Ypsilandra thibetica,4,170
606,Ypsilandra thibetica,4,170
607,Ypsilandra thibetica,4,170
608,Ypsilandra thibetica,4,170
609,Ypsilandra thibetica,4,170
610,Ypsilandra thibetica,4,170
611,Ypsilandra thibetica,4,170
612,Ypsilandra thibetica,4,166
613,Ypsilandra thibetica,4,185
614,Ypsilandra thibetica,4,170
615,Ypsilandra thibetica,4,170
616,Ypsilandra thibetica,4,170
617,Ypsilandra thibetica,4,176
618,Ypsilandra thibetica,4,176
619,Ypsilandra thibetica,4,187
620,Ypsilandra thibetica,4,159
621,Ypsilandra thibetica,4,176
622,Ypsilandra thibetica,4,159
623,Ypsilandra thibetica,4,159
624,Ypsilandra thibetica,4,176
625,Ypsilandra thibetica,4,176
626,Ypsilandra thibetica,4,176
627,Ypsilandra yunnanensis,6,126
628,Ypsilandra yunnanensis,6,120
629,Ypsilandra yunnanensis,6,126
630,Ypsilandra yunnanensis,6,120
631,Ypsilandra yunnanensis,6,120
632,Ypsilandra yunnanensis,6,118
633,Ypsilandra yunnanensis,6,120
634,Ypsilandra yunnanensis,6,116
635,Ypsilandra yunnanensis,6,120
636,Ypsilandra yunnanensis,6,137
637,Ypsilandra yunnanensis,6,120
638,Ypsilandra yunnanensis,6,120
639,Ypsilandra yunnanensis,6,120
640,Ypsilandra yunnanensis,6,117
641,Ypsilandra yunnanensis,6,140
642,Ypsilandra yunnanensis,6,117
643,Ypsilandra yunnanensis,6,140
644,Ypsilandra yunnanensis,6,140
645,Ypsilandra yunnanensis,6,101
646,Ypsilandra yunnanensis,6,186
647,Ypsilandra yunnanensis,6,186
648,Ypsilandra yunnanensis,6,146
649,Ypsilandra yunnanensis,6,146
650,Ypsilandra yunnanensis,6,146
651,Ypsilandra yunnanensis,6,146
652,Ypsilandra yunnanensis,6,146
653,Ypsilandra yunnanensis,6,209
654,Ypsilandra yunnanensis,6,209
655,Ypsilandra yunnanensis,6,209
656,Ypsilandra yunnanensis,6,211
657,Ypsilandra yunnanensis,6,138
658,Ypsilandra yunnanensis,6,137
659,Ypsilandra yunnanensis,6,137
660,Ypsilandra yunnanensis,6,137
661,Ypsilandra yunnanensis,6,209
662,Ypsilandra yunnanensis,6,137
663,Ypsilandra yunnanensis,6,137
664,Ypsilandra yunnanensis,6,209
665,Ypsilandra yunnanensis,6,137
666,Ypsilandra yunnanensis,6,137
667,Ypsilandra yunnanensis,6,137
668,Ypsilandra yunnanensis,6,137
669,Ypsilandra yunnanensis,6,137
670,Ypsilandra yunnanensis,6,137
671,Ypsilandra yunnanensis,6,137
672,Ypsilandra yunnanensis,6,209
673,Ypsilandra yunnanensis,6,209
674,Ypsilandra yunnanensis,6,209
675,Ypsilandra yunnanensis,6,209
676,Ypsilandra yunnanensis,6,209
677,Ypsilandra yunnanensis,6,209
678,Ypsilandra yunnanensis,6,209
679,Ypsilandra yunnanensis,6,137
680,Ypsilandra yunnanensis,6,137
681,Ypsilandra yunnanensis,6,209
682,Ypsilandra yunnanensis,6,187
683,Ypsilandra yunnanensis,6,122
684,Ypsilandra yunnanensis,7,131
685,Ypsilandra yunnanensis,7,126
686,Ypsilandra yunnanensis,7,131
687,Ypsilandra yunnanensis,7,124
688,Ypsilandra yunnanensis,7,124
689,Ypsilandra yunnanensis,7,122
690,Ypsilandra yunnanensis,7,124
691,Ypsilandra yunnanensis,7,120
692,Ypsilandra yunnanensis,7,124
693,Ypsilandra yunnanensis,7,140
694,Ypsilandra yunnanensis,7,124
695,Ypsilandra yunnanensis,7,125
696,Ypsilandra yunnanensis,7,125
697,Ypsilandra yunnanensis,7,122
698,Ypsilandra yunnanensis,7,145
699,Ypsilandra yunnanensis,7,122
700,Ypsilandra yunnanensis,7,145
701,Ypsilandra yunnanensis,7,145
702,Ypsilandra yunnanensis,7,112
703,Ypsilandra yunnanensis,7,188
704,Ypsilandra yunnanensis,7,188
705,Ypsilandra yunnanensis,7,162
706,Ypsilandra yunnanensis,7,162
707,Ypsilandra yunnanensis,7,162
708,Ypsilandra yunnanensis,7,162
709,Ypsilandra yunnanensis,7,162
710,Ypsilandra yunnanensis,7,214
711,Ypsilandra yunnanensis,7,214
712,Ypsilandra yunnanensis,7,214
713,Ypsilandra yunnanensis,7,218
714,Ypsilandra yunnanensis,7,147
715,Ypsilandra yunnanensis,7,143
716,Ypsilandra yunnanensis,7,143
717,Ypsilandra yunnanensis,7,143
718,Ypsilandra yunnanensis,7,214
719,Ypsilandra yunnanensis,7,143
720,Ypsilandra yunnanensis,7,143
721,Ypsilandra yunnanensis,7,214
722,Ypsilandra yunnanensis,7,143
723,Ypsilandra yunnanensis,7,143
724,Ypsilandra yunnanensis,7,143
725,Ypsilandra yunnanensis,7,143
726,Ypsilandra yunnanensis,7,143
727,Ypsilandra yunnanensis,7,143
728,Ypsilandra yunnanensis,7,143
729,Ypsilandra yunnanensis,7,214
730,Ypsilandra yunnanensis,7,214
731,Ypsilandra yunnanensis,7,214
732,Ypsilandra yunnanensis,7,214
733,Ypsilandra yunnanensis,7,214
734,Ypsilandra yunnanensis,7,214
735,Ypsilandra yunnanensis,7,214
736,Ypsilandra yunnanensis,7,143
737,Ypsilandra yunnanensis,7,143
738,Ypsilandra yunnanensis,7,214
739,Ypsilandra yunnanensis,7,206
740,Ypsilandra yunnanensis,7,131
741,Heloniopsis umbellata,2,116
742,Heloniopsis umbellata,3,121
743,Heloniopsis umbellata,2,78
744,Heloniopsis umbellata,4,116
745,Heloniopsis umbellata,4,85
746,Heloniopsis umbellata,1,111
747,Heloniopsis umbellata,1,111
748,Heloniopsis umbellata,2,70
749,Heloniopsis umbellata,2,116
750,Heloniopsis umbellata,2,116
751,Heloniopsis umbellata,2,91
752,Heloniopsis umbellata,2,105
753,Heloniopsis umbellata,2,145
754,Heloniopsis umbellata,2,69
755,Heloniopsis umbellata,2,75
756,Heloniopsis umbellata,2,93
757,Heloniopsis umbellata,3,121
758,Heloniopsis umbellata,2,112
759,Heloniopsis umbellata,3,83
760,Heloniopsis umbellata,2,68
761,Heloniopsis umbellata,2,110
762,Heloniopsis umbellata,3,87
763,Heloniopsis umbellata,3,87
764,Heloniopsis umbellata,2,124
765,Heloniopsis umbellata,1,53
766,Heloniopsis umbellata,1,81
767,Heloniopsis umbellata,1,81
768,Heloniopsis umbellata,12,140
769,Heloniopsis umbellata,1,110
770,Heloniopsis umbellata,1,85
771,Heloniopsis umbellata,1,124
772,Heloniopsis umbellata,1,102
773,Heloniopsis umbellata,1,83
774,Heloniopsis umbellata,1,112
775,Heloniopsis umbellata,2,114
776,Heloniopsis umbellata,2,114
777,Heloniopsis umbellata,1,107
778,Heloniopsis umbellata,2,110
779,Heloniopsis umbellata,1,83
780,Heloniopsis umbellata,2,90
781,Heloniopsis umbellata,2,112
782,Heloniopsis umbellata,2,136
783,Heloniopsis umbellata,2,112
784,Heloniopsis umbellata,2,105
785,Heloniopsis umbellata,2,68
786,Heloniopsis umbellata,2,110
787,Heloniopsis umbellata,2,104
788,Heloniopsis umbellata,2,104
789,Heloniopsis umbellata,2,104
790,Heloniopsis umbellata,2,104
791,Heloniopsis umbellata,2,86
792,Heloniopsis umbellata,2,104
793,Heloniopsis umbellata,2,104
794,Heloniopsis umbellata,2,114
795,Heloniopsis umbellata,2,148
796,Heloniopsis umbellata,2,69
797,Heloniopsis umbellata,2,70
798,Heloniopsis umbellata,3,87
799,Heloniopsis umbellata,3,79
800,Heloniopsis umbellata,3,79
801,Heloniopsis umbellata,3,79
802,Heloniopsis umbellata,3,88
803,Heloniopsis umbellata,3,93
804,Heloniopsis umbellata,3,151
805,Heloniopsis umbellata,3,86
806,Heloniopsis umbellata,3,70
807,Heloniopsis umbellata,2,104
808,Heloniopsis umbellata,3,86
809,Heloniopsis umbellata,2,114
810,Heloniopsis umbellata,2,114
811,Heloniopsis umbellata,3,96
812,Heloniopsis tubiflora,4,86
813,Heloniopsis tubiflora,4,56
814,Heloniopsis tubiflora,4,56
815,Heloniopsis tubiflora,4,55
816,Heloniopsis tubiflora,4,51
817,Heloniopsis tubiflora,4,51
818,Heloniopsis tubiflora,4,68
819,Heloniopsis tubiflora,4,93
820,Heloniopsis tubiflora,4,60
821,Heloniopsis tubiflora,4,86
822,Heloniopsis tubiflora,4,59
823,Heloniopsis tubiflora,4,108
824,Heloniopsis tubiflora,4,47
825,Heloniopsis tubiflora,5,137
826,Heloniopsis tubiflora,5,105
827,Heloniopsis tubiflora,5,105
828,Heloniopsis tubiflora,5,107
829,Heloniopsis tubiflora,5,104
830,Heloniopsis tubiflora,5,104
831,Heloniopsis tubiflora,5,117
832,Heloniopsis tubiflora,5,139
833,Heloniopsis tubiflora,5,113
834,Heloniopsis tubiflora,5,143
835,Heloniopsis tubiflora,5,109
836,Heloniopsis tubiflora,5,160
837,Heloniopsis tubiflora,5,97
838,Helonias bullata,4,116
839,Helonias bullata,4,117
840,Helonias bullata,4,111
841,Helonias bullata,4,123
842,Helonias bullata,4,110
843,Helonias bullata,4,119
844,Helonias bullata,4,119
845,Helonias bullata,4,150
846,Helonias bullata,4,81
847,Helonias bullata,4,98
848,Helonias bullata,4,105
849,Helonias bullata,4,96
850,Helonias bullata,4,136
851,Helonias bullata,4,130
852,Helonias bullata,4,120
853,Helonias bullata,4,117
854,Helonias bullata,4,126
855,Helonias bullata,4,120
856,Helonias bullata,4,125
857,Helonias bullata,4,130
858,Helonias bullata,4,154
859,Helonias bullata,4,123
860,Helonias bullata,4,130
861,Helonias bullata,4,131
862,Helonias bullata,4,113
863,Helonias bullata,4,132
864,Helonias bullata,4,108
865,Helonias bullata,4,133
866,Helonias bullata,4,107
867,Helonias bullata,4,83
868,Helonias bullata,4,135
869,Helonias bullata,4,137
870,Helonias bullata,4,123
871,Helonias bullata,4,123
872,Helonias bullata,4,109
873,Helonias bullata,4,116
874,Helonias bullata,4,118
875,Helonias bullata,4,107
876,Helonias bullata,4,97
877,Helonias bullata,4,97
878,Helonias bullata,4,96
879,Helonias bullata,4,116
880,Helonias bullata,4,97
881,Helonias bullata,4,97
882,Helonias bullata,4,104
883,Helonias bullata,4,114
884,Helonias bullata,4,96
885,Helonias bullata,4,96
886,Helonias bullata,4,97
887,Helonias bullata,4,114
888,Helonias bullata,4,123
889,Helonias bullata,4,119
890,Helonias bullata,4,119
891,Helonias bullata,4,117
892,Helonias bullata,4,111
893,Helonias bullata,4,117
894,Helonias bullata,4,107
895,Helonias bullata,4,109
896,Helonias bullata,5,161
897,Helonias bullata,5,161
898,Helonias bullata,5,156
899,Helonias bullata,5,174
900,Helonias bullata,5,163
901,Helonias bullata,5,164
902,Helonias bullata,5,164
903,Helonias bullata,5,195
904,Helonias bullata,5,136
905,Helonias bullata,5,143
906,Helonias bullata,5,150
907,Helonias bullata,5,141
908,Helonias bullata,5,183
909,Helonias bullata,5,175
910,Helonias bullata,5,172
911,Helonias bullata,5,161
912,Helonias bullata,5,170
913,Helonias bullata,5,173
914,Helonias bullata,5,170
915,Helonias bullata,5,175
916,Helonias bullata,5,199
917,Helonias bullata,5,168
918,Helonias bullata,5,184
919,Helonias bullata,5,176
920,Helonias bullata,5,166
921,Helonias bullata,5,185
922,Helonias bullata,5,162
923,Helonias bullata,5,186
924,Helonias bullata,5,160
925,Helonias bullata,5,127
926,Helonias bullata,5,183
927,Helonias bullata,5,184
928,Helonias bullata,5,169
929,Helonias bullata,5,169
930,Helonias bullata,5,162
931,Helonias bullata,5,171
932,Helonias bullata,5,172
933,Helonias bullata,5,160
934,Helonias bullata,5,154
935,Helonias bullata,5,154
936,Helonias bullata,5,153
937,Helonias bullata,5,170
938,Helonias bullata,5,154
939,Helonias bullata,5,154
940,Helonias bullata,5,159
941,Helonias bullata,5,167
942,Helonias bullata,5,153
943,Helonias bullata,5,153
944,Helonias bullata,5,154
945,Helonias bullata,5,167
946,Helonias bullata,5,178
947,Helonias bullata,5,174
948,Helonias bullata,5,174
949,Helonias bullata,5,172
950,Helonias bullata,5,166
951,Helonias bullata,5,172
952,Helonias bullata,5,160
953,Helonias bullata,5,164
954,Heloniopsis kawanoi,4,179
955,Heloniopsis kawanoi,4,225
956,Heloniopsis kawanoi,4,205
957,Heloniopsis kawanoi,4,215
958,Heloniopsis kawanoi,4,224
959,Heloniopsis kawanoi,4,212
960,Heloniopsis kawanoi,4,211
961,Heloniopsis kawanoi,5,207
962,Heloniopsis kawanoi,5,248
963,Heloniopsis kawanoi,5,231
964,Heloniopsis kawanoi,5,239
965,Heloniopsis kawanoi,5,247
966,Heloniopsis kawanoi,5,236
967,Heloniopsis kawanoi,5,235
968,Heloniopsis leucantha,1,164
969,Heloniopsis leucantha,1,166
970,Heloniopsis leucantha,1,183
971,Heloniopsis leucantha,1,184
972,Heloniopsis leucantha,2,165
973,Heloniopsis leucantha,2,167
974,Heloniopsis leucantha,2,187
975,Heloniopsis leucantha,2,188
976,Heloniopsis sp.,1,91
977,Heloniopsis sp.,1,147
978,Heloniopsis sp.,1,85
979,Heloniopsis sp.,1,93
980,Heloniopsis sp.,2,100
981,Heloniopsis sp.,2,152
982,Heloniopsis sp.,2,93
983,Heloniopsis sp.,2,100
